{"cameraMode":{"drawMode":0,"name":"Shaded","section":"Shading Mode"},"sceneLighting":true,"audioPlay":false,"sceneViewState":{"showFog":true,"showMaterialUpdate":false,"showSkybox":true,"showFlares":true,"showImageEffects":true,"showParticleSystems":true},"in2DMode":false,"pivot":{"x":0.11561128497123718,"y":4.292091369628906,"z":8.001238822937012},"rotation":{"x":-0.1654212772846222,"y":-0.020164528861641885,"z":-0.0030222588684409858,"w":0.9861523509025574},"size":9.519113540649414,"orthographic":false}