{"cameraMode":{"drawMode":0,"name":"Shaded","section":"Shading Mode"},"sceneLighting":true,"audioPlay":false,"sceneViewState":{"showFog":true,"showMaterialUpdate":false,"showSkybox":true,"showFlares":true,"showImageEffects":true,"showParticleSystems":true},"in2DMode":false,"pivot":{"x":-0.6757404804229736,"y":0.31886574625968935,"z":2.7762110233306886},"rotation":{"x":-0.004845994990319014,"y":0.6404582858085632,"z":-0.004040950443595648,"w":-0.7679880261421204},"size":8.320459365844727,"orthographic":false}