{"cameraMode":{"drawMode":0,"name":"Shaded","section":"Shading Mode"},"sceneLighting":true,"audioPlay":false,"sceneViewState":{"showFog":true,"showMaterialUpdate":false,"showSkybox":true,"showFlares":true,"showImageEffects":true,"showParticleSystems":true},"in2DMode":false,"pivot":{"x":-0.6565397381782532,"y":1.2466624975204468,"z":0.25548893213272097},"rotation":{"x":-0.0027321535162627699,"y":0.9897657036781311,"z":0.01899419166147709,"w":0.1416720151901245},"size":0.2477932572364807,"orthographic":false}