{"cameraMode":{"drawMode":0,"name":"Shaded","section":"Shading Mode"},"sceneLighting":true,"audioPlay":false,"sceneViewState":{"showFog":true,"showMaterialUpdate":false,"showSkybox":true,"showFlares":true,"showImageEffects":true,"showParticleSystems":true},"in2DMode":false,"pivot":{"x":0.8054442405700684,"y":1.1081244945526124,"z":-1.2124724388122559},"rotation":{"x":-0.05105185881257057,"y":-0.8655807971954346,"z":0.09017612040042877,"w":-0.48995542526245119},"size":2.477864980697632,"orthographic":false}